id,tipo_id,fecha,valor_compra,valor_venta
1,1,2026-09-21,1485,1535
2,1,2026-09-22,1485,1535
3,1,2026-09-23,1485,1535
4,1,2026-09-24,1485,1535
5,1,2026-09-25,1490,1540
6,1,2026-09-26,1495,1545
7,2,2026-09-21,1530,1550
8,2,2026-09-22,1530,1550
9,2,2026-09-23,1535,1555
10,2,2026-09-24,1540,1560
11,2,2026-09-25,1540,1560
12,2,2026-09-26,1540,1560
13,3,2026-09-21,1530.2,1540.1
14,3,2026-09-22,1531.6,1536.5
15,3,2026-09-23,1530.4,1536.6
16,3,2026-09-24,1537.6,1542.9
17,3,2026-09-25,1539,1545.6
18,3,2026-09-26,1544.3,1557.3
19,4,2026-09-26,1615.3,1616.6
20,5,2026-09-25,1516.5,1525.5
21,6,2026-09-26,1609.93,1612.75
22,7,2026-09-25,1943.5,2008.5
